millis,stamp,datetime,motion
999, 1564698225, 2019/8/1 22:23:45, Inactive
1998, 1564698226, 2019/8/1 22:23:46, Inactive
2999, 1564698227, 2019/8/1 22:23:47, Inactive
3999, 1564698228, 2019/8/1 22:23:48, Active
4999, 1564698229, 2019/8/1 22:23:49, Inactive
5999, 1564698230, 2019/8/1 22:23:50, Inactive
7000, 1564698231, 2019/8/1 22:23:51, Inactive
7999, 1564698232, 2019/8/1 22:23:52, Active
8999, 1564698233, 2019/8/1 22:23:53, Active
9999, 1564698234, 2019/8/1 22:23:54, Inactive
10999, 1564698235, 2019/8/1 22:23:55, Inactive
11999, 1564698236, 2019/8/1 22:23:56, Inactive
12999, 1564698237, 2019/8/1 22:23:57, Active
13999, 1564698238, 2019/8/1 22:23:58, Inactive
14999, 1564698239, 2019/8/1 22:23:59, Inactive
16000, 1564698240, 2019/8/1 22:24:0, Inactive
16999, 1564698241, 2019/8/1 22:24:1, Active
17998, 1564698242, 2019/8/1 22:24:2, Active
18999, 1564698243, 2019/8/1 22:24:3, Inactive
19999, 1564698244, 2019/8/1 22:24:4, Inactive
20999, 1564698245, 2019/8/1 22:24:5, Active
21999, 1564698246, 2019/8/1 22:24:6, Active
22999, 1564698247, 2019/8/1 22:24:7, Inactive
23999, 1564698248, 2019/8/1 22:24:8, Inactive
24999, 1564698249, 2019/8/1 22:24:9, Active
25999, 1564698250, 2019/8/1 22:24:10, Active
26998, 1564698251, 2019/8/1 22:24:11, Inactive
27999, 1564698252, 2019/8/1 22:24:12, Inactive
28999, 1564698253, 2019/8/1 22:24:13, Inactive
29999, 1564698254, 2019/8/1 22:24:14, Active
30999, 1564698255, 2019/8/1 22:24:15, Inactive
32000, 1564698256, 2019/8/1 22:24:16, Inactive
32999, 1564698257, 2019/8/1 22:24:17, Inactive
33999, 1564698258, 2019/8/1 22:24:18, Inactive
34999, 1564698259, 2019/8/1 22:24:19, Active
35999, 1564698260, 2019/8/1 22:24:20, Active
36999, 1564698261, 2019/8/1 22:24:21, Inactive
37999, 1564698262, 2019/8/1 22:24:22, Inactive
39000, 1564698263, 2019/8/1 22:24:23, Inactive
39999, 1564698264, 2019/8/1 22:24:24, Inactive
40999, 1564698265, 2019/8/1 22:24:25, Active
41999, 1564698266, 2019/8/1 22:24:26, Inactive
42999, 1564698267, 2019/8/1 22:24:27, Inactive
43999, 1564698268, 2019/8/1 22:24:28, Inactive
44999, 1564698269, 2019/8/1 22:24:29, Active
46000, 1564698270, 2019/8/1 22:24:30, Inactive
46999, 1564698271, 2019/8/1 22:24:31, Inactive
48000, 1564698272, 2019/8/1 22:24:32, Inactive
48999, 1564698273, 2019/8/1 22:24:33, Inactive
49999, 1564698274, 2019/8/1 22:24:34, Inactive
50999, 1564698275, 2019/8/1 22:24:35, Inactive
51999, 1564698276, 2019/8/1 22:24:36, Inactive
52999, 1564698277, 2019/8/1 22:24:37, Inactive
53999, 1564698278, 2019/8/1 22:24:38, Inactive
54999, 1564698279, 2019/8/1 22:24:39, Inactive
55998, 1564698280, 2019/8/1 22:24:40, Inactive
56999, 1564698281, 2019/8/1 22:24:41, Active
57999, 1564698282, 2019/8/1 22:24:42, Inactive
58999, 1564698283, 2019/8/1 22:24:43, Inactive
59999, 1564698284, 2019/8/1 22:24:44, Inactive
60999, 1564698285, 2019/8/1 22:24:45, Active
61999, 1564698286, 2019/8/1 22:24:46, Active
62999, 1564698288, 2019/8/1 22:24:48, Inactive
64000, 1564698288, 2019/8/1 22:24:48, Inactive
64999, 1564698290, 2019/8/1 22:24:50, Inactive
65999, 1564698291, 2019/8/1 22:24:51, Inactive
66999, 1564698292, 2019/8/1 22:24:52, Active
67999, 1564698293, 2019/8/1 22:24:53, Active
68999, 1564698294, 2019/8/1 22:24:54, Inactive
69999, 1564698295, 2019/8/1 22:24:55, Inactive
70999, 1564698296, 2019/8/1 22:24:56, Active
71999, 1564698297, 2019/8/1 22:24:57, Active
72999, 1564698298, 2019/8/1 22:24:58, Inactive
73999, 1564698299, 2019/8/1 22:24:59, Inactive
74999, 1564698300, 2019/8/1 22:25:0, Inactive
75999, 1564698301, 2019/8/1 22:25:1, Active
76999, 1564698302, 2019/8/1 22:25:2, Inactive
78000, 1564698303, 2019/8/1 22:25:3, Inactive
78998, 1564698304, 2019/8/1 22:25:4, Inactive
80000, 1564698305, 2019/8/1 22:25:5, Inactive
80999, 1564698306, 2019/8/1 22:25:6, Inactive
81998, 1564698307, 2019/8/1 22:25:7, Inactive
82999, 1564698308, 2019/8/1 22:25:8, Inactive
83999, 1564698309, 2019/8/1 22:25:9, Inactive
84999, 1564698310, 2019/8/1 22:25:10, Inactive
85999, 1564698311, 2019/8/1 22:25:11, Inactive
86999, 1564698312, 2019/8/1 22:25:12, Inactive
87999, 1564698313, 2019/8/1 22:25:13, Inactive
88999, 1564698314, 2019/8/1 22:25:14, Inactive
89999, 1564698315, 2019/8/1 22:25:15, Inactive
90999, 1564698316, 2019/8/1 22:25:16, Inactive
91999, 1564698317, 2019/8/1 22:25:17, Inactive
92999, 1564698318, 2019/8/1 22:25:18, Inactive
93999, 1564698319, 2019/8/1 22:25:19, Active
94999, 1564698320, 2019/8/1 22:25:20, Inactive
96000, 1564698321, 2019/8/1 22:25:21, Inactive
96999, 1564698322, 2019/8/1 22:25:22, Inactive
97998, 1564698323, 2019/8/1 22:25:23, Active
98999, 1564698324, 2019/8/1 22:25:24, Inactive
99999, 1564698325, 2019/8/1 22:25:25, Inactive
100999, 1564698326, 2019/8/1 22:25:26, Inactive
101999, 1564698327, 2019/8/1 22:25:27, Active
103000, 1564698328, 2019/8/1 22:25:28, Inactive
103999, 1564698329, 2019/8/1 22:25:29, Inactive
104999, 1564698330, 2019/8/1 22:25:30, Inactive
105999, 1564698331, 2019/8/1 22:25:31, Active
106999, 1564698332, 2019/8/1 22:25:32, Inactive
107999, 1564698333, 2019/8/1 22:25:33, Inactive
108999, 1564698334, 2019/8/1 22:25:34, Inactive
109999, 1564698335, 2019/8/1 22:25:35, Inactive
110999, 1564698336, 2019/8/1 22:25:36, Active
112000, 1564698337, 2019/8/1 22:25:37, Inactive
112999, 1564698338, 2019/8/1 22:25:38, Inactive
113999, 1564698339, 2019/8/1 22:25:39, Inactive
114999, 1564698340, 2019/8/1 22:25:40, Active
115999, 1564698341, 2019/8/1 22:25:41, Inactive
116999, 1564698342, 2019/8/1 22:25:42, Inactive
117999, 1564698343, 2019/8/1 22:25:43, Inactive
118999, 1564698344, 2019/8/1 22:25:44, Inactive
119999, 1564698345, 2019/8/1 22:25:45, Inactive
120999, 1564698346, 2019/8/1 22:25:46, Inactive
121999, 1564698347, 2019/8/1 22:25:47, Inactive
122999, 1564698348, 2019/8/1 22:25:48, Inactive
123999, 1564698349, 2019/8/1 22:25:49, Active
124999, 1564698350, 2019/8/1 22:25:50, Inactive
125999, 1564698351, 2019/8/1 22:25:51, Inactive
126999, 1564698352, 2019/8/1 22:25:52, Inactive
128000, 1564698353, 2019/8/1 22:25:53, Active
128999, 1564698354, 2019/8/1 22:25:54, Inactive
129999, 1564698355, 2019/8/1 22:25:55, Inactive
130998, 1564698356, 2019/8/1 22:25:56, Inactive
131998, 1564698357, 2019/8/1 22:25:57, Active
132999, 1564698358, 2019/8/1 22:25:58, Active
133999, 1564698359, 2019/8/1 22:25:59, Inactive
134999, 1564698360, 2019/8/1 22:26:0, Inactive
135999, 1564698361, 2019/8/1 22:26:1, Inactive
136999, 1564698362, 2019/8/1 22:26:2, Inactive
137999, 1564698363, 2019/8/1 22:26:3, Inactive
138999, 1564698364, 2019/8/1 22:26:4, Inactive
139999, 1564698365, 2019/8/1 22:26:5, Inactive
140999, 1564698366, 2019/8/1 22:26:6, Inactive
142000, 1564698367, 2019/8/1 22:26:7, Inactive
142999, 1564698368, 2019/8/1 22:26:8, Inactive
144000, 1564698369, 2019/8/1 22:26:9, Inactive
144999, 1564698370, 2019/8/1 22:26:10, Inactive
145999, 1564698371, 2019/8/1 22:26:11, Inactive
146999, 1564698372, 2019/8/1 22:26:12, Active
147999, 1564698373, 2019/8/1 22:26:13, Active
148999, 1564698374, 2019/8/1 22:26:14, Inactive
149999, 1564698375, 2019/8/1 22:26:15, Inactive
150999, 1564698376, 2019/8/1 22:26:16, Inactive
151999, 1564698377, 2019/8/1 22:26:17, Active
152999, 1564698378, 2019/8/1 22:26:18, Inactive
153999, 1564698379, 2019/8/1 22:26:19, Inactive
154999, 1564698380, 2019/8/1 22:26:20, Inactive
155999, 1564698381, 2019/8/1 22:26:21, Inactive
156999, 1564698382, 2019/8/1 22:26:22, Active
157999, 1564698383, 2019/8/1 22:26:23, Active
158999, 1564698384, 2019/8/1 22:26:24, Inactive
160000, 1564698385, 2019/8/1 22:26:25, Inactive
160999, 1564698386, 2019/8/1 22:26:26, Active
161999, 1564698387, 2019/8/1 22:26:27, Active
162999, 1564698388, 2019/8/1 22:26:28, Inactive
163999, 1564698389, 2019/8/1 22:26:29, Inactive
164999, 1564698390, 2019/8/1 22:26:30, Active
165999, 1564698391, 2019/8/1 22:26:31, Active
166999, 1564698392, 2019/8/1 22:26:32, Inactive
167999, 1564698393, 2019/8/1 22:26:33, Inactive
168999, 1564698394, 2019/8/1 22:26:34, Inactive
169999, 1564698395, 2019/8/1 22:26:35, Active
170999, 1564698396, 2019/8/1 22:26:36, Inactive
171999, 1564698397, 2019/8/1 22:26:37, Inactive
172999, 1564698398, 2019/8/1 22:26:38, Inactive
174000, 1564698399, 2019/8/1 22:26:39, Inactive
174999, 1564698400, 2019/8/1 22:26:40, Active
176000, 1564698401, 2019/8/1 22:26:41, Inactive
176999, 1564698402, 2019/8/1 22:26:42, Inactive
177999, 1564698403, 2019/8/1 22:26:43, Inactive
178999, 1564698404, 2019/8/1 22:26:44, Active
179999, 1564698405, 2019/8/1 22:26:45, Inactive
180999, 1564698406, 2019/8/1 22:26:46, Inactive
181999, 1564698407, 2019/8/1 22:26:47, Inactive
182999, 1564698408, 2019/8/1 22:26:48, Inactive
183999, 1564698409, 2019/8/1 22:26:49, Active
184999, 1564698410, 2019/8/1 22:26:50, Inactive
185999, 1564698411, 2019/8/1 22:26:51, Inactive
186999, 1564698412, 2019/8/1 22:26:52, Inactive
187999, 1564698413, 2019/8/1 22:26:53, Active
188999, 1564698414, 2019/8/1 22:26:54, Inactive
189999, 1564698415, 2019/8/1 22:26:55, Inactive
190999, 1564698416, 2019/8/1 22:26:56, Inactive
192000, 1564698417, 2019/8/1 22:26:57, Active
192999, 1564698418, 2019/8/1 22:26:58, Inactive
193999, 1564698419, 2019/8/1 22:26:59, Inactive
194999, 1564698420, 2019/8/1 22:27:0, Inactive
195999, 1564698421, 2019/8/1 22:27:1, Inactive
196999, 1564698422, 2019/8/1 22:27:2, Active
197999, 1564698423, 2019/8/1 22:27:3, Inactive
198999, 1564698424, 2019/8/1 22:27:4, Inactive
199999, 1564698425, 2019/8/1 22:27:5, Inactive
200999, 1564698426, 2019/8/1 22:27:6, Inactive
201999, 1564698427, 2019/8/1 22:27:7, Inactive
202999, 1564698428, 2019/8/1 22:27:8, Active
203999, 1564698429, 2019/8/1 22:27:9, Active
204999, 1564698430, 2019/8/1 22:27:10, Inactive
206000, 1564698431, 2019/8/1 22:27:11, Inactive
206999, 1564698432, 2019/8/1 22:27:12, Inactive
208000, 1564698433, 2019/8/1 22:27:13, Active
208999, 1564698434, 2019/8/1 22:27:14, Active
209999, 1564698435, 2019/8/1 22:27:15, Inactive
210999, 1564698436, 2019/8/1 22:27:16, Inactive
211999, 1564698437, 2019/8/1 22:27:17, Inactive
212999, 1564698438, 2019/8/1 22:27:18, Active
213999, 1564698439, 2019/8/1 22:27:19, Active
214999, 1564698440, 2019/8/1 22:27:20, Inactive
215999, 1564698441, 2019/8/1 22:27:21, Inactive
216999, 1564698442, 2019/8/1 22:27:22, Active
217999, 1564698443, 2019/8/1 22:27:23, Active
218999, 1564698444, 2019/8/1 22:27:24, Inactive
219999, 1564698445, 2019/8/1 22:27:25, Inactive
220999, 1564698446, 2019/8/1 22:27:26, Inactive
221999, 1564698447, 2019/8/1 22:27:27, Active
222999, 1564698448, 2019/8/1 22:27:28, Inactive
224000, 1564698449, 2019/8/1 22:27:29, Inactive
224999, 1564698450, 2019/8/1 22:27:30, Inactive
225999, 1564698451, 2019/8/1 22:27:31, Inactive
226999, 1564698452, 2019/8/1 22:27:32, Active
227999, 1564698453, 2019/8/1 22:27:33, Inactive
228999, 1564698454, 2019/8/1 22:27:34, Inactive
229999, 1564698455, 2019/8/1 22:27:35, Inactive
230999, 1564698456, 2019/8/1 22:27:36, Inactive
231999, 1564698457, 2019/8/1 22:27:37, Inactive
233000, 1564698458, 2019/8/1 22:27:38, Inactive
233999, 1564698459, 2019/8/1 22:27:39, Inactive
234999, 1564698460, 2019/8/1 22:27:40, Inactive
235999, 1564698461, 2019/8/1 22:27:41, Inactive
236999, 1564698462, 2019/8/1 22:27:42, Inactive
237999, 1564698463, 2019/8/1 22:27:43, Inactive
238999, 1564698464, 2019/8/1 22:27:44, Inactive
240000, 1564698465, 2019/8/1 22:27:45, Inactive
240999, 1564698466, 2019/8/1 22:27:46, Inactive
241999, 1564698467, 2019/8/1 22:27:47, Inactive
242999, 1564698468, 2019/8/1 22:27:48, Inactive
243999, 1564698469, 2019/8/1 22:27:49, Inactive
244999, 1564698470, 2019/8/1 22:27:50, Inactive
245999, 1564698471, 2019/8/1 22:27:51, Active
246999, 1564698472, 2019/8/1 22:27:52, Inactive
247998, 1564698473, 2019/8/1 22:27:53, Inactive
248999, 1564698474, 2019/8/1 22:27:54, Inactive
249999, 1564698475, 2019/8/1 22:27:55, Active
250999, 1564698476, 2019/8/1 22:27:56, Active
251999, 1564698477, 2019/8/1 22:27:57, Inactive
252999, 1564698478, 2019/8/1 22:27:58, Inactive
253999, 1564698479, 2019/8/1 22:27:59, Inactive
254999, 1564698480, 2019/8/1 22:28:0, Active
256000, 1564698481, 2019/8/1 22:28:1, Inactive
257000, 1564698482, 2019/8/1 22:28:2, Inactive
257999, 1564698483, 2019/8/1 22:28:3, Active
258999, 1564698484, 2019/8/1 22:28:4, Active
259999, 1564698485, 2019/8/1 22:28:5, Inactive
260999, 1564698486, 2019/8/1 22:28:6, Inactive
261999, 1564698487, 2019/8/1 22:28:7, Inactive
263000, 1564698488, 2019/8/1 22:28:8, Active
263999, 1564698489, 2019/8/1 22:28:9, Inactive
264999, 1564698490, 2019/8/1 22:28:10, Inactive
265999, 1564698491, 2019/8/1 22:28:11, Inactive
266999, 1564698492, 2019/8/1 22:28:12, Active
267999, 1564698493, 2019/8/1 22:28:13, Inactive
268999, 1564698494, 2019/8/1 22:28:14, Inactive
269999, 1564698495, 2019/8/1 22:28:15, Inactive
270999, 1564698496, 2019/8/1 22:28:16, Inactive
272000, 1564698497, 2019/8/1 22:28:17, Inactive
272999, 1564698498, 2019/8/1 22:28:18, Active
273999, 1564698499, 2019/8/1 22:28:19, Active
274999, 1564698500, 2019/8/1 22:28:20, Inactive
275999, 1564698501, 2019/8/1 22:28:21, Inactive
276999, 1564698502, 2019/8/1 22:28:22, Inactive
277999, 1564698503, 2019/8/1 22:28:23, Active
278999, 1564698504, 2019/8/1 22:28:24, Inactive
279998, 1564698505, 2019/8/1 22:28:25, Inactive
280999, 1564698506, 2019/8/1 22:28:26, Inactive
281999, 1564698507, 2019/8/1 22:28:27, Inactive
282999, 1564698508, 2019/8/1 22:28:28, Inactive
283999, 1564698509, 2019/8/1 22:28:29, Active
284999, 1564698510, 2019/8/1 22:28:30, Inactive
285999, 1564698511, 2019/8/1 22:28:31, Inactive
286999, 1564698512, 2019/8/1 22:28:32, Inactive
288000, 1564698513, 2019/8/1 22:28:33, Inactive
288999, 1564698514, 2019/8/1 22:28:34, Active
289999, 1564698515, 2019/8/1 22:28:35, Active
290999, 1564698516, 2019/8/1 22:28:36, Inactive
291999, 1564698517, 2019/8/1 22:28:37, Inactive
